code,name,rgb,studio_rgb,solid,common
0,Black,05131d,04121c,1,1
1,Blue,0055bf,0054be,1,1
2,Green,257a3e,24793d,1,1
3,Dark_Turquoise,00838f,00828e,1,0
4,Red,c91a09,c81908,1,1
5,Dark_Pink,c870a0,c76f9f,1,1
6,Brown,583927,573826,1,0
7,Light_Gray,9ba19d,9aa09c,1,0
8,Dark_Gray,6d6e5c,6c6d5b,1,0
9,Light_Blue,b4d2e3,b3d1e2,1,0
10,Bright_Green,4b9f4a,4a9e49,1,0
11,Light_Turquoise,55a5af,54a4ae,1,0
12,Salmon,f2705e,f16f5d,1,0
13,Pink,fc97ac,fb96ab,1,1
14,Yellow,f2cd37,f1cc36,1,1
15,White,ffffff,fefefe,1,1
17,Light_Green,c2dab8,c1d9b7,1,0
18,Light_Yellow,fbe696,fae595,1,0
19,Tan,e4cd9e,e3cc9d,1,1
20,Light_Violet,c9cae2,c9cae2,1,0
22,Purple,81007b,80007a,1,1
23,Dark_Blue_Violet,2032b0,1f31af,1,0
25,Orange,fe8a18,fd8917,1,1
26,Magenta,923978,913877,1,1
27,Lime,bbe90b,bae80a,1,1
28,Dark_Tan,958a73,948972,1,1
29,Bright_Pink,e4adc8,e3acc7,1,1
30,Medium_Lavender,ac78ba,ab77b9,1,1
31,Lavender,e1d5ed,e0d4ec,1,1
68,Very_Light_Orange,f3cf9b,f2ce9a,1,0
69,Light_Purple,cd6298,af3195,1,1
70,Reddish_Brown,582a12,572911,1,1
71,Light_Bluish_Gray,a0a5a9,9fa4a8,1,1
72,Dark_Bluish_Gray,6c6e68,6b6d67,1,1
73,Medium_Blue,5c9dd1,5b9cd0,1,1
74,Medium_Green,73dca1,72dba0,1,1
77,Light_Pink,fecccf,fdcbce,1,0
78,Light_Flesh,f6d7b3,f5d6b2,1,1
84,Medium_Dark_Flesh,cc702a,e3a05b,1,1
85,Dark_Purple,3f3691,3e3590,1,1
86,Dark_Flesh,7c503a,7b4f39,1,1
89,Blue_Violet,4c61db,4b60da,1,0
92,Flesh,d09168,cf9067,1,1
100,Light_Salmon,febabd,fdb9bc,1,0
110,Violet,4354a3,4253a2,1,0
112,Medium_Violet,6874ca,6773c9,1,1
115,Medium_Lime,c7d23c,c6d13b,1,0
118,Aqua,b3d7d1,b2d6d0,1,0
120,Light_Lime,d9e4a7,e2db5f,1,0
125,Light_Orange,f9ba61,f8b960,1,0
151,Very_Light_Bluish_Gray,e6e3e0,e5e2df,1,1
191,Bright_Light_Orange,f8bb3d,f7ba3c,1,1
212,Bright_Light_Blue,86c1e1,85c0e0,1,1
216,Rust,b31004,b20f03,1,0
226,Bright_Light_Yellow,fff03a,feef39,1,1
232,Sky_Blue,56bed6,55bdd5,1,0
272,Dark_Blue,0d325b,0c315a,1,1
288,Dark_Green,184632,174531,1,1
308,Dark_Brown,352100,442800,1,1
313,Maersk_Blue,54a9c8,53a8c7,1,0
320,Dark_Red,720e0f,710d0e,1,1
321,Dark_Azure,1498d7,1397d6,1,1
322,Medium_Azure,3ec2dd,3dc1dc,1,1
323,Light_Aqua,bddcd8,bcdbd7,1,1
326,Yellowish_Green,dfeea5,deeda4,1,1
330,Olive_Green,9b9a5a,9a9959,1,0
335,Sand_Red,d67572,a37876,1,0
351,Medium_Dark_Pink,f785b1,f684b0,1,0
366,Earth_Orange,fa9c1c,f99b1b,1,0
373,Sand_Purple,845e84,835d83,1,0
378,Sand_Green,a0bcac,9fbbab,1,1
379,Sand_Blue,597184,587083,1,1
450,Fabuland_Brown,b67b50,b3694e,1,0
462,Medium_Orange,ffa70b,fea60a,1,1
484,Dark_Orange,a95500,a85400,1,1
503,Very_Light_Gray,e6e3da,e5e2d9,1,0
47,Trans_Clear,fcfcfc,fbfbfb,0,0
40,Trans_Black,635f52,625e51,0,0
36,Trans_Red,c91a09,c81908,0,0
38,Trans_Neon_Orange,ff800d,fe7f0c,0,0
57,Trans_Orange,f08f1c,ef8e1b,0,0
605,Trans_Light_Orange,ff9f2c,ff9f2c,0,0
54,Trans_Neon_Yellow,dab000,d9af00,0,0
46,Trans_Yellow,f5cd2f,f4cc2e,0,0
42,Trans_Neon_Green,c0ff00,bffe00,0,0
35,Trans_Bright_Green,56e646,55e545,0,0
34,Trans_Green,237841,227740,0,0
33,Trans_Dark_Blue,0020a0,001f9f,0,0
41,Trans_Medium_Blue,559ab7,5499b6,0,0
43,Trans_Light_Blue,aee9ef,ade8ee,0,0
39,Trans_Very_Light_Blue,c1dff0,c0deef,0,0
44,Trans_Light_Purple,96709f,956f9e,0,0
52,Trans_Purple,a5a5cb,a4a4ca,0,0
37,Trans_Dark_Pink,df6695,de6594,0,0
45,Trans_Pink,fc97ac,fb96ab,0,0
334,Chrome_Gold,bba53d,baa43c,0,0
383,Chrome_Silver,e0e0e0,dfdfdf,0,0
60,Chrome_Antique_Brass,645a4c,63594b,0,0
64,Chrome_Black,1b2a34,1a2933,0,0
61,Chrome_Blue,6c96bf,6b95be,0,0
62,Chrome_Green,3cb371,3bb270,0,0
63,Chrome_Pink,aa4d8e,a94c8d,0,0
183,Pearl_White,f2f3f2,f1f2f1,0,0
150,Pearl_Very_Light_Gray,bbbdbc,babcbb,0,0
135,Pearl_Light_Gray,9ca3a8,9ba2a7,0,0
179,Flat_Silver,898788,888687,0,0
148,Pearl_Dark_Gray,575857,565756,0,0
137,Metal_Blue,5677ba,5576b9,0,0
142,Pearl_Light_Gold,dcbe61,dbbd60,0,0
297,Pearl_Gold,cc9c2b,cb9b2a,0,0
178,Flat_Dark_Gold,b4883e,b3873d,0,0
134,Copper,964a27,954926,0,0
80,Metallic_Silver,a5a9b4,a4a8b3,0,0
81,Metallic_Green,899b5f,889a5e,0,0
82,Metallic_Gold,dbac34,daab33,0,0
83,Metallic_Black,1a2831,192730,0,0
87,Metallic_Dark_Gray,6d6e5c,6c6d5b,0,0
79,Milky_White,ffffff,fefefe,0,0
21,Glow_In_Dark_Opaque,e0ffb0,dffeaf,0,0
601,Glow_In_Dark_White,bdc6ad,bdc6ad,0,0
294,Glow_In_Dark_Trans,bdc6ad,bcc5ac,0,0
114,Glitter_Trans_Dark_Pink,df6695,df6695,0,0
117,Glitter_Trans_Clear,ffffff,fefefe,0,0
129,Glitter_Trans_Purple,640061,630060,0,0
132,Speckle_Black_Silver,000000,000000,0,0
133,Speckle_Black_Gold,000000,000000,0,0
75,Speckle_Black_Copper,000000,000000,0,0
76,Speckle_Dark_Bluish_Gray_Silver,635f61,625e60,0,0
65,Rubber_Yellow,f5cd2f,f4cc2e,0,0
66,Rubber_Trans_Yellow,cab000,c9af00,0,0
67,Rubber_Trans_Clear,ffffff,fefefe,0,0
256,Rubber_Black,212121,202020,0,0
273,Rubber_Blue,0033b2,0032b1,0,0
324,Rubber_Red,c40026,c30025,0,0
350,Rubber_Orange,d06610,cf650f,0,0
375,Rubber_Light_Gray,c1c2c1,c0c1c0,0,0
406,Rubber_Dark_Blue,001d68,001c67,0,0
449,Rubber_Purple,81007b,80007a,0,0
490,Rubber_Lime,d7f000,d6ef00,0,0
496,Rubber_Light_Bluish_Gray,a3a2a4,a2a1a3,0,0
504,Rubber_Flat_Silver,898788,888687,0,0
511,Rubber_White,fafafa,f9f9f9,0,0
16,Main_Colour,7f7f7f,000000,1,0
24,Edge_Colour,7f7f7f,000000,1,0
32,Trans_Black_IR_Lens,000000,04121c,0,0
493,Magnet,656761,656761,0,0
494,Electric_Contact_Alloy,d0d0d0,d0d0d0,0,0
495,Electric_Contact_Copper,ae7a59,ae7a59,0,0
